YYYY,MM,DD,DATE,CO2(ppm),SD(ppm),GR(ppm/yr),Source
1976,5,15,1976.368900000000,328.861,0.165,NaN,in situ
1976,6,15,1976.453600000000,328.988,0.285,NaN,in situ
1976,7,15,1976.535500000000,329.653,0.282,NaN,in situ
1976,8,15,1976.620200000000,330.55,0.201,NaN,in situ
1976,9,15,1976.704900000000,330.872,0.234,NaN,in situ
1976,10,15,1976.786900000000,330.899,0.015,NaN,in situ
1976,11,15,1976.871600000000,330.883,0.243,2.146,in situ
1976,12,15,1976.953600000000,330.677,0.187,2.51199,in situ
1977,1,15,1977.038400000000,330.529,0.235,2.14697,in situ
1977,2,15,1977.123300000000,330.543,0.198,1.77701,in situ
1977,3,15,1977.200000000000,330.724,0.119,2.06799,in situ
1977,4,15,1977.284900000000,330.805,0.178,2.13501,in situ
1977,5,15,1977.367100000000,331.007,0.132,1.89502,in situ
1977,6,15,1977.452100000000,331.5,0.203,1.70001,in situ
1977,7,15,1977.534200000000,331.8,0.206,1.565,in situ
1977,8,15,1977.619200000000,332.327,0.216,1.63199,in situ
1977,9,15,1977.704100000000,332.94,0.113,1.67401,in situ
1977,10,15,1977.786300000000,333.034,0.199,1.66901,in situ
1977,11,15,1977.871200000000,332.778,0.226,1.63901,in situ
1977,12,15,1977.953400000000,332.377,0.259,1.51501,in situ
1978,1,15,1978.038400000000,332.094,0.201,1.517,in situ
1978,2,15,1978.123300000000,332.175,0.245,1.599,in situ
1978,3,15,1978.200000000000,332.398,0.198,2.03699,in situ
1978,4,15,1978.284900000000,332.474,0.201,2.29901,in situ
1978,5,15,1978.367100000000,332.646,0.2,2.04797,in situ
1978,6,15,1978.452100000000,333.015,0.102,2.15399,in situ
1978,7,15,1978.534200000000,333.317,0.236,2.40399,in situ
1978,8,15,1978.619200000000,333.926,0.363,2.41,in situ
1978,9,15,1978.704100000000,334.977,0.387,2.36499,in situ
1978,10,15,1978.786300000000,335.333,0.203,2.229,in situ
1978,11,15,1978.871200000000,334.826,0.203,1.98001,in situ
1978,12,15,1978.953400000000,334.531,0.197,1.87399,in situ
1979,1,15,1979.038400000000,334.498,0.211,2.13501,in situ
1979,2,15,1979.123300000000,334.585,0.21,2.01001,in situ
1979,3,15,1979.200000000000,334.763,0.198,1.004,in situ
1979,4,15,1979.284900000000,334.703,0.217,0.645996,in situ
1979,5,15,1979.367100000000,334.626,0.177,1.14502,in situ
1979,6,15,1979.452100000000,334.889,0.197,1.202,in situ
1979,7,15,1979.534200000000,335.452,0.265,1.18002,in situ
1979,8,15,1979.619200000000,335.936,0.172,1.19302,in situ
1979,9,15,1979.704100000000,335.981,0.213,1.13501,in situ
1979,10,15,1979.786300000000,335.979,0.024,1.354,in situ
1979,11,15,1979.871200000000,335.971,0.215,1.55899,in situ
1979,12,15,1979.953400000000,335.733,0.242,1.64301,in situ
1980,1,15,1980.038300000000,335.678,0.204,1.478,in situ
1980,2,15,1980.123000000000,335.778,0.188,1.16,in situ
1980,3,15,1980.202200000000,335.898,0.179,1.20901,in situ
1980,4,15,1980.286900000000,336.057,0.179,1.13699,in situ
1980,5,15,1980.368900000000,336.185,0.201,0.96698,in situ
1980,6,15,1980.453600000000,336.532,0.229,1.18298,in situ
1980,7,15,1980.535500000000,336.93,0.222,1.41098,in situ
1980,8,15,1980.620200000000,337.096,0.17,1.452,in situ
1980,9,15,1980.704900000000,337.19,0.215,1.328,in situ
1980,10,15,1980.786900000000,337.116,0.201,1.117,in situ
1980,11,15,1980.871600000000,336.938,0.237,1.16101,in situ
1980,12,15,1980.953600000000,336.916,0.232,1.05499,in situ
1981,1,15,1981.038400000000,337.089,0.183,0.902008,in situ
1981,2,15,1981.123300000000,337.23,0.227,0.996979,in situ
1981,3,15,1981.200000000000,337.226,0.128,0.975006,in situ
1981,4,15,1981.284900000000,337.174,0.17,0.955994,in situ
1981,5,15,1981.367100000000,337.346,0.178,1.06201,in situ
1981,6,15,1981.452100000000,337.587,0.17,0.85202,in situ
1981,7,15,1981.534200000000,337.832,0.086,0.21701,in situ
1981,8,15,1981.619200000000,338.093,0.204,-0.102997,in situ
1981,9,15,1981.704100000000,338.165,0.21,0.0479736,in situ
1981,10,15,1981.786300000000,338.072,0.229,0.523987,in situ
1981,11,15,1981.871200000000,338,0.235,0.686005,in situ
1981,12,15,1981.953400000000,337.768,0.127,0.598999,in situ
1982,1,15,1982.038400000000,337.306,0.193,0.718994,in situ
1982,2,15,1982.123300000000,337.127,0.179,0.805023,in situ
1982,3,15,1982.200000000000,337.274,0.29,0.656982,in situ
1982,4,15,1982.284900000000,337.698,0.241,0.562012,in situ
1982,5,15,1982.367100000000,338.032,0.187,0.557007,in situ
1982,6,15,1982.452100000000,338.186,0.153,0.559998,in situ
1982,7,15,1982.534200000000,338.551,0.186,1.00101,in situ
1982,8,15,1982.619200000000,338.898,0.153,1.29999,in situ
1982,9,15,1982.704100000000,338.822,0.213,1.24503,in situ
1982,10,15,1982.786300000000,338.634,0.195,1.41699,in situ
1982,11,15,1982.871200000000,338.557,0.163,1.5,in situ
1982,12,15,1982.953400000000,338.328,0.171,1.41501,in situ
1983,1,15,1983.038400000000,338.307,0.17,1.78702,in situ
1983,2,15,1983.123300000000,338.427,0.184,2.306,in situ
1983,3,15,1983.200000000000,338.519,0.186,2.53201,in situ
1983,4,15,1983.284900000000,339.115,0.241,2.62299,in situ
1983,5,15,1983.367100000000,339.532,0.141,2.73898,in situ
1983,6,15,1983.452100000000,339.601,0.156,2.979,in situ
1983,7,15,1983.534200000000,340.338,0.446,2.966,in situ
1983,8,15,1983.619200000000,341.204,0.237,2.84399,in situ
1983,9,15,1983.704100000000,341.354,0.163,2.72299,in situ
1983,10,15,1983.786300000000,341.257,0.18,2.117,in situ
1983,11,15,1983.871200000000,341.296,0.155,1.858,in situ
1983,12,15,1983.953400000000,341.307,0.111,2.01898,in situ
1984,1,15,1984.038300000000,341.273,0.11,1.59698,in situ
1984,2,15,1984.123000000000,341.271,0.122,1.155,in situ
1984,3,15,1984.202200000000,341.242,0.114,1.15399,in situ
1984,4,15,1984.286900000000,341.232,0.138,1.215,in situ
1984,5,15,1984.368900000000,341.39,0.129,1.13,in situ
1984,6,15,1984.453600000000,341.62,0.163,1.035,in situ
1984,7,15,1984.535500000000,341.935,0.166,1.056,in situ
1984,8,15,1984.620200000000,342.359,0.158,1.01801,in situ
1984,9,15,1984.704900000000,342.508,0.145,1.077,in situ
1984,10,15,1984.786900000000,342.472,0.173,1.25601,in situ
1984,11,15,1984.871600000000,342.426,0.171,1.37799,in situ
1984,12,15,1984.953600000000,342.342,0.154,1.539,in situ
1985,1,15,1985.038400000000,342.329,0.142,1.72101,in situ
1985,2,15,1985.123300000000,342.289,0.101,1.70999,in situ
1985,3,15,1985.200000000000,342.319,0.124,1.689,in situ
1985,4,15,1985.284900000000,342.488,0.145,1.72302,in situ
1985,5,15,1985.367100000000,342.768,0.153,1.51901,in situ
1985,6,15,1985.452100000000,343.159,0.177,1.36798,in situ
1985,7,15,1985.534200000000,343.656,0.195,1.38599,in situ
1985,8,15,1985.619200000000,344.069,0.151,1.452,in situ
1985,9,15,1985.704100000000,344.197,0.149,1.44601,in situ
1985,10,15,1985.786300000000,344.195,0.184,1.29599,in situ
1985,11,15,1985.871200000000,343.945,0.211,1.14899,in situ
1985,12,15,1985.953400000000,343.71,0.175,1.077,in situ
1986,1,15,1986.038400000000,343.715,0.157,1.02899,in situ
1986,2,15,1986.123300000000,343.741,0.098,0.988007,in situ
1986,3,15,1986.200000000000,343.765,0.115,1.04001,in situ
1986,4,15,1986.284900000000,343.784,0.143,1.112,in situ
1986,5,15,1986.367100000000,343.917,0.166,1.25998,in situ
1986,6,15,1986.452100000000,344.236,0.188,1.245,in situ
1986,7,15,1986.534200000000,344.685,0.199,1.00201,in situ
1986,8,15,1986.619200000000,345.057,0.161,0.960999,in situ
1986,9,15,1986.704100000000,345.237,0.16,1.09299,in situ
1986,10,15,1986.786300000000,345.307,0.125,1.26901,in situ
1986,11,15,1986.871200000000,345.205,0.184,1.52499,in situ
1986,12,15,1986.953400000000,344.955,0.167,1.76901,in situ
1987,1,15,1987.038400000000,344.717,0.151,1.78699,in situ
1987,2,15,1987.123300000000,344.702,0.098,1.90799,in situ
1987,3,15,1987.200000000000,344.858,0.133,2.01999,in situ
1987,4,15,1987.284900000000,345.053,0.135,1.996,in situ
1987,5,15,1987.367100000000,345.442,0.188,2.20102,in situ
1987,6,15,1987.452100000000,346.005,0.215,2.45001,in situ
1987,7,15,1987.534200000000,346.472,0.164,2.63998,in situ
1987,8,15,1987.619200000000,346.965,0.21,2.66602,in situ
1987,9,15,1987.704100000000,347.257,0.17,2.57001,in situ
1987,10,15,1987.786300000000,347.303,0.175,2.55399,in situ
1987,11,15,1987.871200000000,347.406,0.101,2.37003,in situ
1987,12,15,1987.953400000000,347.405,0.137,2.24701,in situ
1988,1,15,1988.038300000000,347.357,0.16,2.44,in situ
1988,2,15,1988.123000000000,347.368,0.163,2.19101,in situ
1988,3,15,1988.202200000000,347.428,0.116,1.79401,in situ
1988,4,15,1988.286900000000,347.607,0.186,1.64499,in situ
1988,5,15,1988.368900000000,347.812,0.147,1.466,in situ
1988,6,15,1988.453600000000,348.252,0.256,1.427,in situ
1988,7,15,1988.535500000000,348.912,0.216,1.36002,in situ
1988,8,15,1988.620200000000,349.156,0.142,1.388,in situ
1988,9,15,1988.704900000000,349.051,0.097,1.548,in situ
1988,10,15,1988.786900000000,348.948,0.139,1.44901,in situ
1988,11,15,1988.871600000000,348.872,0.126,1.25299,in situ
1988,12,15,1988.953600000000,348.832,0.146,1.04498,in situ
1989,1,15,1989.038400000000,348.717,0.122,0.77002,in situ
1989,2,15,1989.123300000000,348.756,0.152,0.890991,in situ
1989,3,15,1989.200000000000,348.976,0.154,1.17099,in situ
1989,4,15,1989.284900000000,349.056,0.085,1.19901,in situ
1989,5,15,1989.367100000000,349.065,0.122,1.19998,in situ
1989,6,15,1989.452100000000,349.297,0.2,1.134,in situ
1989,7,15,1989.534200000000,349.682,0.133,1.13199,in situ
1989,8,15,1989.619200000000,350.047,0.156,1.138,in situ
1989,9,15,1989.704100000000,350.222,0.115,1.07898,in situ
1989,10,15,1989.786300000000,350.147,0.173,1.29401,in situ
1989,11,15,1989.871200000000,350.072,0.111,1.547,in situ
1989,12,15,1989.953400000000,349.966,0.13,1.595,in situ
1990,1,15,1990.038400000000,349.849,0.128,1.69199,in situ
1990,2,15,1990.123300000000,349.894,0.104,1.689,in situ
1990,3,15,1990.200000000000,350.055,0.142,1.55103,in situ
1990,4,15,1990.284900000000,350.35,0.166,1.63699,in situ
1990,5,15,1990.367100000000,350.612,0.234,1.73602,in situ
1990,6,15,1990.452100000000,350.892,0.169,1.64801,in situ
1990,7,15,1990.534200000000,351.374,0.179,1.60501,in situ
1990,8,15,1990.619200000000,351.736,0.157,1.65698,in situ
1990,9,15,1990.704100000000,351.773,0.154,1.64999,in situ
1990,10,15,1990.786300000000,351.784,0.139,1.52899,in situ
1990,11,15,1990.871200000000,351.808,0.129,1.67099,in situ
1990,12,15,1990.953400000000,351.614,0.15,1.76199,in situ
1991,1,15,1991.038400000000,351.454,0.181,1.48599,in situ
1991,2,15,1991.123300000000,351.551,0.184,1.45502,in situ
1991,3,15,1991.200000000000,351.705,0.115,1.55499,in situ
1991,4,15,1991.284900000000,351.879,0.155,2.14301,in situ
1991,5,15,1991.367100000000,352.283,0.174,1.87299,in situ
1991,6,15,1991.452100000000,352.654,0.218,1.95297,in situ
1991,7,15,1991.534200000000,352.86,0.125,1.90198,in situ
1991,8,15,1991.619200000000,353.191,0.136,1.685,in situ
1991,9,15,1991.704100000000,353.328,0.135,1.46402,in situ
1991,10,15,1991.786301000000,353.927,0.1629,1.47699,flask
1991,11,15,1991.871233000000,353.681,0.1109,1.45102,flask
1991,12,15,1991.953425000000,353.567,0.4474,1.51801,flask
1992,1,15,1992.038251000000,353.356,0.209,1.83502,flask
1992,2,15,1992.122951000000,353.236,0.6106,1.70599,flask
1992,3,15,1992.202186000000,353.169,0.0853,1.70099,flask
1992,4,15,1992.286885000000,353.356,0.1908,1.15701,flask
1992,5,15,1992.368852000000,353.734,0.1577,1.18201,flask
1992,6,15,1992.453552000000,354.172,0.223,1.03802,flask
1992,7,15,1992.535519000000,354.695,0.1853,0.922028,flask
1992,8,15,1992.620219000000,354.897,0.2285,0.96701,flask
1992,9,15,1992.704918000000,355.029,0.1907,1.254,flask
1992,10,15,1992.786885000000,355.084,0.1469,1.00201,flask
1992,11,15,1992.871585000000,354.863,0.1068,0.59198,flask
1992,12,15,1992.953552000000,354.605,0.2252,0.589996,flask
1993,1,15,1993.038356000000,354.278,0.1835,0.542999,flask
1993,2,15,1993.123288000000,354.203,0.1206,0.759003,flask
1993,3,15,1993.200000000000,354.423,0.1233,0.85202,flask
1993,4,15,1993.284932000000,354.358,0.1854,0.838989,flask
1993,5,15,1993.367123000000,354.326,0.2049,0.963989,flask
1993,6,15,1993.452055000000,354.762,0.2451,0.91098,flask
1993,7,15,1993.534247000000,355.238,0.3413,0.862,flask
1993,8,15,1993.619178000000,355.656,0.2378,0.944,flask
1993,9,15,1993.704110000000,355.881,0.0989,1.12698,flask
1993,10,15,1993.786301000000,355.923,0.2117,1.45001,flask
1993,11,15,1993.871233000000,355.827,0.2141,1.63602,flask
1993,12,15,1993.953425000000,355.516,0.1167,1.46802,flask
1994,1,15,1994.038356000000,355.14,0.083,1.479,flask
1994,2,15,1994.123288000000,355.147,0.3541,1.625,flask
1994,3,15,1994.200000000000,355.55,0.3351,1.724,flask
1994,4,15,1994.284932000000,355.808,0.1926,1.702,flask
1994,5,15,1994.367123000000,355.962,0.2295,1.681,flask
1994,6,15,1994.452055000000,356.23,0.2012,1.95102,flask
1994,7,15,1994.534247000000,356.717,0.2705,2.392,flask
1994,8,15,1994.619178000000,357.281,0.1915,2.46298,flask
1994,9,15,1994.704110000000,357.605,0.1011,2.05103,flask
1994,10,15,1994.786301000000,357.625,0.1521,1.78897,flask
1994,11,15,1994.871233000000,357.508,0.1179,1.93399,flask
1994,12,15,1994.953425000000,357.467,0.2168,2.06198,flask
1995,1,15,1995.038356000000,357.532,0.204,1.86398,flask
1995,2,15,1995.123288000000,357.61,0.3429,1.63498,flask
1995,3,15,1995.200000000000,357.601,0.1725,1.59399,flask
1995,4,15,1995.284932000000,357.597,0.1466,1.685,flask
1995,5,15,1995.367123000000,357.896,0.1981,1.87302,flask
1995,6,15,1995.452055000000,358.292,0.1778,2.17499,flask
1995,7,15,1995.534247000000,358.581,0.1729,2.00497,flask
1995,8,15,1995.619178000000,358.916,0.1725,1.58301,flask
1995,9,15,1995.704110000000,359.199,0.1862,1.586,flask
1995,10,15,1995.786301000000,359.31,0.2116,1.638,flask
1995,11,15,1995.871233000000,359.381,0.159,1.526,flask
1995,12,15,1995.953425000000,359.642,0.1833,1.621,flask
1996,1,15,1996.038251000000,359.537,0.2096,1.758,flask
1996,2,15,1996.122951000000,359.193,0.1321,1.759,flask
1996,3,15,1996.202186000000,359.187,0.2879,1.61499,flask
1996,4,15,1996.286885000000,359.235,0.1733,1.375,flask
1996,5,15,1996.368852000000,359.422,0.1449,1.15298,flask
1996,6,15,1996.453552000000,359.913,0.2359,0.765015,flask
1996,7,15,1996.535519000000,360.339,0.1528,0.888,flask
1996,8,15,1996.620219000000,360.675,0.1816,1.353,flask
1996,9,15,1996.704918000000,360.814,0.1531,1.40298,flask
1996,10,15,1996.786885000000,360.685,0.1538,1.41901,flask
1996,11,15,1996.871585000000,360.534,0.211,1.396,flask
1996,12,15,1996.953552000000,360.407,0.1534,1.11301,flask
1997,1,15,1997.038356000000,360.425,0.2096,1.08502,flask
1997,2,15,1997.123288000000,360.546,0.2562,1.21002,flask
1997,3,15,1997.200000000000,360.59,0.1836,1.33301,flask
1997,4,15,1997.284932000000,360.654,0.1605,1.59799,flask
1997,5,15,1997.367123000000,360.818,0.1798,1.72299,flask
1997,6,15,1997.452055000000,361.026,0.15,1.797,flask
1997,7,15,1997.534247000000,361.424,0.2518,1.75702,flask
1997,8,15,1997.619178000000,361.885,0.1775,1.77402,flask
1997,9,15,1997.704110000000,362.147,0.1398,2.02701,flask
1997,10,15,1997.786301000000,362.283,0.2002,2.241,flask
1997,11,15,1997.871233000000,362.257,0.1804,2.44101,flask
1997,12,15,1997.953425000000,362.204,0.1575,2.65701,flask
1998,1,15,1998.038356000000,362.182,0.1901,2.77399,flask
1998,2,15,1998.123288000000,362.32,0.1744,2.931,flask
1998,3,15,1998.200000000000,362.617,0.1651,3.04001,flask
1998,4,15,1998.284932000000,362.895,0.1245,2.92102,flask
1998,5,15,1998.367123000000,363.259,0.2124,2.81702,flask
1998,6,15,1998.452055000000,363.683,0.1789,2.78699,flask
1998,7,15,1998.534247000000,364.198,0.1961,2.944,flask
1998,8,15,1998.619178000000,364.816,0.1776,2.85699,flask
1998,9,15,1998.704110000000,365.187,0.1993,2.375,flask
1998,10,15,1998.786301000000,365.204,0.1657,2.155,flask
1998,11,15,1998.871233000000,365.074,0.1632,2.02701,flask
1998,12,15,1998.953425000000,364.991,0.0805,1.75497,flask
1999,1,15,1999.038356000000,365.126,0.2079,1.52802,flask
1999,2,15,1999.123288000000,365.177,0.1705,1.34598,flask
1999,3,15,1999.200000000000,364.992,0.1707,1.33398,flask
1999,4,15,1999.284932000000,365.05,0.1696,1.46799,flask
1999,5,15,1999.367123000000,365.286,0.1622,1.53598,flask
1999,6,15,1999.452055000000,365.438,0.2414,1.62701,flask
1999,7,15,1999.534247000000,365.726,0.2405,1.539,flask
1999,8,15,1999.619178000000,366.162,0.2161,1.29099,flask
1999,9,15,1999.704110000000,366.521,0.1422,1.245,flask
1999,10,15,1999.786301000000,366.672,0.2931,1.121,flask
1999,11,15,1999.871233000000,366.61,0.1822,1.103,flask
1999,12,15,1999.953425000000,366.618,0.124,1.40002,flask
2000,1,15,2000.038251000000,366.665,0.179,1.517,flask
2000,2,15,2000.122951000000,366.468,0.3051,1.32401,flask
2000,3,15,2000.202186000000,366.237,0.2026,1.18399,flask
2000,4,15,2000.286885000000,366.171,0.2235,1.155,flask
2000,5,15,2000.368852000000,366.389,0.1826,1.14603,flask
2000,6,15,2000.453552000000,366.838,0.1553,1.04498,flask
2000,7,15,2000.535519000000,367.243,0.1607,0.940979,flask
2000,8,15,2000.620219000000,367.486,0.1899,1.07901,flask
2000,9,15,2000.704918000000,367.705,0.2068,1.29901,flask
2000,10,15,2000.786885000000,367.827,0.0726,1.53101,flask
2000,11,15,2000.871585000000,367.756,0.0521,1.54199,flask
2000,12,15,2000.953552000000,367.663,0.1342,1.33698,flask
2001,1,15,2001.038356000000,367.606,0.1448,1.34399,flask
2001,2,15,2001.123288000000,367.547,0.0376,1.64801,flask
2001,3,15,2001.200000000000,367.536,0.1388,1.92502,flask
2001,4,15,2001.284932000000,367.702,0.1786,1.93301,flask
2001,5,15,2001.367123000000,367.931,0.1938,1.80298,flask
2001,6,15,2001.452055000000,368.175,0.2249,1.74899,flask
2001,7,15,2001.534247000000,368.587,0.1705,1.875,flask
2001,8,15,2001.619178000000,369.134,0.2652,1.99701,flask
2001,9,15,2001.704110000000,369.63,0.2509,2.064,flask
2001,10,15,2001.786301000000,369.76,0.2052,2.06201,flask
2001,11,15,2001.871233000000,369.559,0.2369,2.08099,flask
2001,12,15,2001.953425000000,369.412,0.2041,2.30103,flask
2002,1,15,2002.038356000000,369.481,0.2292,2.46201,flask
2002,2,15,2002.123288000000,369.544,0.166,2.405,flask
2002,3,15,2002.200000000000,369.6,0.1482,2.24799,flask
2002,4,15,2002.284932000000,369.764,0.0821,2.25098,flask
2002,5,15,2002.367123000000,370.012,0.1524,2.33701,flask
2002,6,15,2002.452055000000,370.476,0.2054,2.293,flask
2002,7,15,2002.534247000000,371.049,0.2206,2.19302,flask
2002,8,15,2002.619178000000,371.539,0.2035,2.20898,flask
2002,9,15,2002.704110000000,371.878,0.1421,2.353,flask
2002,10,15,2002.786301000000,372.011,0.0913,2.47198,flask
2002,11,15,2002.871233000000,371.896,0.1104,2.509,flask
2002,12,15,2002.953425000000,371.705,0.2223,2.38898,flask
2003,1,15,2003.038356000000,371.674,0.0545,2.27698,flask
2003,2,15,2003.123288000000,371.753,0.1018,2.32098,flask
2003,3,15,2003.200000000000,371.953,0.1418,2.27701,flask
2003,4,15,2003.284932000000,372.236,0.2829,2.06802,flask
2003,5,15,2003.367123000000,372.521,0.1048,1.96701,flask
2003,6,15,2003.452055000000,372.865,0.2565,1.97501,flask
2003,7,15,2003.534247000000,373.326,0.1696,1.97299,flask
2003,8,15,2003.619178000000,373.86,0.1591,2.02402,flask
2003,9,15,2003.704110000000,374.155,0.1716,1.91599,flask
2003,10,15,2003.786301000000,374.079,0.1183,1.78601,flask
2003,11,15,2003.871233000000,373.863,0.1405,1.89499,flask
2003,12,15,2003.953425000000,373.68,0.1075,2.03,flask
2004,1,15,2004.038251000000,373.647,0.271,1.97202,flask
2004,2,15,2004.122951000000,373.777,0.2734,1.77902,flask
2004,3,15,2004.202186000000,373.869,0.0734,1.63901,flask
2004,4,15,2004.286885000000,374.022,0.1896,1.73798,flask
2004,5,15,2004.368852000000,374.416,0.244,1.94901,flask
2004,6,15,2004.453552000000,374.895,0.1924,1.95102,flask
2004,7,15,2004.535519000000,375.298,0.17,1.82999,flask
2004,8,15,2004.620219000000,375.639,0.1364,1.745,flask
2004,9,15,2004.704918000000,375.794,0.1186,1.68301,flask
2004,10,15,2004.786885000000,375.817,0.1503,1.66699,flask
2004,11,15,2004.871585000000,375.812,0.1412,1.87302,flask
2004,12,15,2004.953552000000,375.631,0.1019,2.15302,flask
2005,1,15,2005.038356000000,375.477,0.2625,2.12,flask
2005,2,15,2005.123288000000,375.522,0.0994,2.064,flask
2005,3,15,2005.200000000000,375.552,0.1754,2.18399,flask
2005,4,15,2005.284932000000,375.689,0.0981,2.237,flask
2005,5,15,2005.367123000000,376.289,0.3369,2.18799,flask
2005,6,15,2005.452055000000,377.048,0.3045,2.25497,flask
2005,7,15,2005.534247000000,377.418,0.2714,2.495,flask
2005,8,15,2005.619178000000,377.703,0.1201,2.582,flask
2005,9,15,2005.704110000000,377.978,0.0503,2.56699,flask
2005,10,15,2005.786301000000,378.054,0.1044,2.492,flask
2005,11,15,2005.871233000000,378,0.0352,2.01401,flask
2005,12,15,2005.953425000000,377.886,0.0742,1.48801,flask
2006,1,15,2006.038356000000,377.972,0.2372,1.51199,flask
2006,2,15,2006.123288000000,378.104,0.2049,1.67801,flask
2006,3,15,2006.200000000000,378.119,0.1071,1.625,flask
2006,4,15,2006.284932000000,378.181,0.206,1.48001,flask
2006,5,15,2006.367123000000,378.303,0.1146,1.492,flask
2006,6,15,2006.452055000000,378.536,0.0958,1.68002,flask
2006,7,15,2006.534247000000,378.93,0.1845,1.52002,flask
2006,8,15,2006.619178000000,379.381,0.142,1.35599,flask
2006,9,15,2006.704110000000,379.603,0.087,1.448,flask
2006,10,15,2006.786301000000,379.534,0.1383,1.586,flask
2006,11,15,2006.871233000000,379.492,0.2453,1.836,flask
2006,12,15,2006.953425000000,379.566,0.1133,1.991,flask
2007,1,15,2007.038356000000,379.492,0.1787,2.103,flask
2007,2,15,2007.123288000000,379.46,0.0661,2.06998,flask
2007,3,15,2007.200000000000,379.567,0.1565,2.056,flask
2007,4,15,2007.284932000000,379.767,0.0887,2.25201,flask
2007,5,15,2007.367123000000,380.139,0.1609,2.272,flask
2007,6,15,2007.452055000000,380.527,0.1513,2.15198,flask
2007,7,15,2007.534247000000,381.033,0.1766,2.28799,flask
2007,8,15,2007.619178000000,381.451,0.1034,2.39999,flask
2007,9,15,2007.704110000000,381.659,0.389,2.29901,flask
2007,10,15,2007.786301000000,381.786,0.1514,2.194,flask
2007,11,15,2007.871233000000,381.764,0.1268,2.091,flask
2007,12,15,2007.953425000000,381.718,0.2178,2.202,flask
2008,1,15,2008.038251000000,381.78,0.0734,2.03802,flask
2008,2,15,2008.122951000000,381.86,0.1889,1.983,flask
2008,3,15,2008.202186000000,381.866,0.0822,2.17902,flask
2008,4,15,2008.286885000000,381.961,0.2099,2.01099,flask
2008,5,15,2008.368852000000,382.23,0.1464,1.88098,flask
2008,6,15,2008.453552000000,382.729,0.1998,2.004,flask
2008,7,15,2008.535519000000,383.071,0.1034,2.18301,flask
2008,8,15,2008.620219000000,383.434,0.2633,2.06601,flask
2008,9,15,2008.704918000000,383.838,0.152,1.73099,flask
2008,10,15,2008.786885000000,383.797,0.1458,1.54102,flask
2008,11,15,2008.871585000000,383.645,0.2596,1.49899,flask
2008,12,15,2008.953552000000,383.722,0.1378,1.289,flask
2009,1,15,2009.038356000000,383.963,0.1566,1.34799,flask
2009,2,15,2009.123288000000,383.926,0.0766,1.45001,flask
2009,3,15,2009.200000000000,383.597,0.2208,1.26099,flask
2009,4,15,2009.284932000000,383.502,0.0978,1.41501,flask
2009,5,15,2009.367123000000,383.729,0.146,1.54501,flask
2009,6,15,2009.452055000000,384.018,0.1978,1.38501,flask
2009,7,15,2009.534247000000,384.419,0.183,1.10898,flask
2009,8,15,2009.619178000000,384.884,0.1114,0.890015,flask
2009,9,15,2009.704110000000,385.099,0.1713,1.12201,flask
2009,10,15,2009.786301000000,385.212,0.0792,1.51498,flask
2009,11,15,2009.871233000000,385.19,0.1562,1.66998,flask
2009,12,15,2009.953425000000,385.107,0.2062,1.88501,flask
2010,1,15,2010.038356000000,385.072,0.1747,2.14899,flask
2010,2,15,2010.123288000000,384.816,0.1478,2.328,flask
2010,3,15,2010.200000000000,384.719,0.0704,2.461,flask
2010,4,15,2010.284932000000,385.017,0.1461,2.34399,flask
2010,5,15,2010.367123000000,385.399,0.1428,2.21799,flask
2010,6,15,2010.452055000000,385.903,0.2108,2.05801,flask
2010,7,15,2010.534247000000,386.568,0.3422,1.94601,flask
2010,8,15,2010.619178000000,387.212,0.1724,2.27499,flask
2010,9,15,2010.704110000000,387.56,0.148,2.427,flask
2010,10,15,2010.786301000000,387.556,0.1176,2.14001,flask
2010,11,15,2010.871233000000,387.408,0.1822,2.005,flask
2010,12,15,2010.953425000000,387.165,0.1315,1.92999,flask
2011,1,15,2011.038356000000,387.018,0.1283,1.63202,flask
2011,2,15,2011.123288000000,387.091,0.1824,1.42398,flask
2011,3,15,2011.200000000000,387.146,0.1699,1.56799,flask
2011,4,15,2011.284932000000,387.157,0.0255,1.70499,flask
2011,5,15,2011.367123000000,387.404,0.129,1.664,flask
2011,6,15,2011.452055000000,387.833,0.1182,1.77798,flask
2011,7,15,2011.534247000000,388.2,0.115,1.79999,flask
2011,8,15,2011.619178000000,388.636,0.1624,1.698,flask
2011,9,15,2011.704110000000,389.128,0.1791,1.67999,flask
2011,10,15,2011.786301000000,389.261,0.1631,1.84299,flask
2011,11,15,2011.871233000000,389.072,0.0965,1.883,flask
2011,12,15,2011.953425000000,388.943,0.0615,1.879,flask
2012,1,15,2012.038251000000,388.818,0.0694,2.177,flask
2012,2,15,2012.122951000000,388.789,0.1401,2.414,flask
2012,3,15,2012.202186000000,388.826,0.1296,2.35101,flask
2012,4,15,2012.286885000000,389,0.0914,2.25702,flask
2012,5,15,2012.368852000000,389.287,0.1148,2.24701,flask
2012,6,15,2012.453552000000,389.712,0.2139,2.29401,flask
2012,7,15,2012.535519000000,390.377,0.2241,2.48001,flask
2012,8,15,2012.620219000000,391.05,0.2004,2.741,flask
2012,9,15,2012.704918000000,391.479,0.1099,3.03101,flask
2012,10,15,2012.786885000000,391.518,0.0785,3.16,flask
2012,11,15,2012.871585000000,391.319,0.1811,3.18002,flask
2012,12,15,2012.953552000000,391.237,0.0631,3.091,flask
2013,1,15,2013.038360000000,391.298,0.151,3.00998,in situ
2013,2,15,2013.123290000000,391.53,0.217,2.84402,in situ
2013,3,15,2013.200000000000,391.857,0.181,2.591,in situ
2013,4,15,2013.284930000000,392.16,0.165,2.58798,in situ
2013,5,15,2013.367120000000,392.467,0.154,2.76999,in situ
2013,6,15,2013.452050000000,392.803,0.188,2.70901,in situ
2013,7,15,2013.534250000000,393.387,0.235,2.491,in situ
2013,8,15,2013.619180000000,393.894,0.117,2.29102,in situ
2013,9,15,2013.704110000000,394.07,0.118,2.14502,in situ
2013,10,15,2013.786300000000,394.106,0.102,2.047,in situ
2013,11,15,2013.871230000000,394.089,0.118,1.91199,in situ
2013,12,15,2013.953420000000,393.946,0.168,1.98199,in situ
2014,1,15,2014.038360000000,393.789,0.157,1.953,in situ
2014,2,15,2014.123290000000,393.821,0.19,1.88599,in situ
2014,3,15,2014.200000000000,394.002,0.17,1.92798,in situ
2014,4,15,2014.284930000000,394.207,0.099,1.88702,in situ
2014,5,15,2014.367120000000,394.379,0.11,1.862,in situ
2014,6,15,2014.452050000000,394.785,0.192,1.93997,in situ
2014,7,15,2014.534250000000,395.34,0.202,2.13101,in situ
2014,8,15,2014.619180000000,395.78,0.14,2.24399,in situ
2014,9,15,2014.704110000000,395.998,0.129,2.19897,in situ
2014,10,15,2014.786300000000,395.993,0.141,2.319,in situ
2014,11,15,2014.871230000000,395.951,0.095,2.56601,in situ
2014,12,15,2014.953420000000,395.886,0.166,2.47299,in situ
2015,1,15,2015.038360000000,395.92,0.181,2.41602,in situ
2015,2,15,2015.123290000000,396.065,0.18,2.53699,in situ
2015,3,15,2015.200000000000,396.201,0.153,2.50601,in situ
2015,4,15,2015.284930000000,396.526,0.163,2.54999,in situ
2015,5,15,2015.367120000000,396.945,0.148,2.716,in situ
2015,6,15,2015.452050000000,397.258,0.193,2.88702,in situ
2015,7,15,2015.534250000000,397.756,0.214,2.98199,in situ
2015,8,15,2015.619180000000,398.317,0.159,3.013,in situ
2015,9,15,2015.704110000000,398.504,0.166,3.13101,in situ
2015,10,15,2015.786300000000,398.543,0.139,3.25601,in situ
2015,11,15,2015.871230000000,398.667,0.133,3.35098,in situ
2015,12,15,2015.953420000000,398.773,0.119,3.54102,in situ
2016,1,15,2016.038250000000,398.902,0.143,3.53299,in situ
2016,2,15,2016.122950000000,399.078,0.199,3.27502,in situ
2016,3,15,2016.202190000000,399.332,0.208,3.25699,in situ
2016,4,15,2016.286890000000,399.782,0.242,3.26001,in situ
2016,5,15,2016.368850000000,400.296,0.175,2.879,in situ
2016,6,15,2016.453550000000,400.799,0.201,2.573,in situ
2016,7,15,2016.535520000000,401.289,0.191,2.38199,in situ
2016,8,15,2016.620220000000,401.592,0.118,2.15298,in situ
2016,9,15,2016.704920000000,401.761,0.134,1.98199,in situ
2016,10,15,2016.786890000000,401.803,0.123,1.81497,in situ
2016,11,15,2016.871580000000,401.546,0.155,1.57901,in situ
2016,12,15,2016.953550000000,401.346,0.153,1.37997,in situ
2017,1,15,2017.038360000000,401.284,0.164,1.53299,in situ
2017,2,15,2017.123290000000,401.231,0.163,1.81598,in situ
2017,3,15,2017.200000000000,401.314,0.108,1.85101,in situ
2017,4,15,2017.284930000000,401.597,0.145,1.94598,in situ
2017,5,15,2017.367120000000,401.875,0.13,2.31702,in situ
2017,6,15,2017.452050000000,402.179,0.194,2.50699,in situ
2017,7,15,2017.534250000000,402.822,0.25,2.63602,in situ
2017,8,15,2017.619180000000,403.408,0.14,2.759,in situ
2017,9,15,2017.704110000000,403.612,0.098,2.72299,in situ
2017,10,15,2017.786300000000,403.749,0.159,2.66202,in situ
2017,11,15,2017.871230000000,403.863,0.101,2.64499,in situ
2017,12,15,2017.953420000000,403.853,0.192,2.63602,in situ
2018,1,15,2018.038360000000,403.92,0.171,2.48401,in situ
2018,2,15,2018.123290000000,403.99,0.153,2.36401,in situ
2018,3,15,2018.200000000000,404.037,0.129,2.354,in situ
2018,4,15,2018.284930000000,404.259,0.17,2.24402,in situ
2018,5,15,2018.367120000000,404.52,0.138,2.05798,in situ
2018,6,15,2018.452050000000,404.815,0.158,2.01599,in situ
2018,7,15,2018.534250000000,405.306,0.209,1.92697,in situ
2018,8,15,2018.619180000000,405.772,0.136,1.77402,in situ
2018,9,15,2018.704110000000,405.966,0.106,1.85501,in situ
2018,10,15,2018.786300000000,405.993,0.164,2.04901,in situ
2018,11,15,2018.871230000000,405.921,0.166,2.32901,in situ
2018,12,15,2018.953420000000,405.869,0.134,2.61398,in situ
2019,1,15,2019.038360000000,405.847,0.182,2.733,in situ
2019,2,15,2019.123290000000,405.764,0.145,2.73401,in situ
2019,3,15,2019.200000000000,405.892,0.184,2.758,in situ
2019,4,15,2019.284930000000,406.308,0.175,2.89398,in situ
2019,5,15,2019.367120000000,406.849,0.22,2.98801,in situ
2019,6,15,2019.452050000000,407.429,0.224,2.797,in situ
2019,7,15,2019.534250000000,408.039,0.208,2.57101,in situ
2019,8,15,2019.619180000000,408.506,0.153,2.733,in situ
2019,9,15,2019.704110000000,408.724,0.135,2.85599,in situ
2019,10,15,2019.786300000000,408.887,0.111,2.67599,in situ
2019,11,15,2019.871230000000,408.909,0.119,2.388,in situ
2019,12,15,2019.953420000000,408.666,0.168,2.229,in situ
2020,1,15,2020.038250000000,408.418,0.186,2.198,in situ
2020,2,15,2020.122950000000,408.497,0.159,2.198,in situ
2020,3,15,2020.202190000000,408.748,0.184,2.19299,in situ
2020,4,15,2020.286890000000,408.984,0.129,2.10602,in situ
2020,5,15,2020.368850000000,409.237,0.133,2.035,in situ
2020,6,15,2020.453550000000,409.658,0.183,2.19601,in situ
2020,7,15,2020.535520000000,410.237,0.219,2.388,in situ
2020,8,15,2020.620220000000,410.704,0.145,2.31598,in situ
2020,9,15,2020.704920000000,410.917,0.1,2.21701,in situ
2020,10,15,2020.786890000000,410.993,0.125,2.10999,in situ
2020,11,15,2020.871580000000,410.944,0.144,2.04401,in situ
2020,12,15,2020.953550000000,410.862,0.161,2.035,in situ
2021,1,15,2021.038360000000,410.806,0.16,1.974,in situ
2021,2,15,2021.123290000000,410.813,0.15,2.01099,in situ
2021,3,15,2021.200000000000,410.965,0.195,2.17102,in situ
2021,4,15,2021.284930000000,411.094,0.112,2.237,in situ
2021,5,15,2021.367120000000,411.281,0.155,2.31799,in situ
2021,6,15,2021.452050000000,411.693,0.186,2.36401,in situ
2021,7,15,2021.534250000000,412.211,0.19,2.33499,in situ
2021,8,15,2021.619180000000,412.715,0.19,2.388,in situ
2021,9,15,2021.704110000000,413.088,0.141,2.42502,in situ
2021,10,15,2021.786300000000,413.23,0.103,2.48001,in situ
2021,11,15,2021.871230000000,413.262,0.111,2.52701,in situ
2021,12,15,2021.953420000000,413.226,0.184,2.46201,in situ
2022,1,15,2022.038360000000,413.141,0.197,2.42801,in situ
2022,2,15,2022.123290000000,413.201,0.149,2.431,in situ
2022,3,15,2022.200000000000,413.39,0.168,2.27698,in situ
2022,4,15,2022.284930000000,413.574,0.18,2.16498,in situ
2022,5,15,2022.367120000000,413.808,0.128,2.16101,in situ
2022,6,15,2022.452050000000,414.155,0.143,2.04999,in situ
2022,7,15,2022.534250000000,414.639,0.187,1.90802,in situ
2022,8,15,2022.619180000000,415.146,0.177,1.88702,in situ
2022,9,15,2022.704110000000,415.365,0.126,1.85199,in situ
2022,10,15,2022.786300000000,415.395,0.127,1.81699,in situ
2022,11,15,2022.871230000000,415.423,0.116,1.90298,in situ
2022,12,15,2022.953420000000,415.276,0.166,1.95599,in situ
2023,1,15,2023.038360000000,415.049,0.188,1.91901,in situ
2023,2,15,2023.123290000000,415.088,0.172,1.939,in situ
2023,3,15,2023.200000000000,415.242,0.171,2.02301,in situ
2023,4,15,2023.284930000000,415.391,0.146,2.186,in situ
2023,5,15,2023.367120000000,415.711,0.166,2.36301,in situ
2023,6,15,2023.452050000000,416.111,0.149,2.56,in situ
2023,7,15,2023.534250000000,416.558,0.197,2.90598,in situ
2023,8,15,2023.619180000000,417.085,0.206,3.108,in situ
2023,9,15,2023.704110000000,417.388,0.139,3.32199,in situ
2023,10,15,2023.786300000000,417.581,0.13,3.64999,in situ
2023,11,15,2023.871230000000,417.786,0.182,3.789,in situ
2023,12,15,2023.953420000000,417.836,0.178,3.923,in situ
2024,1,15,2024.038250000000,417.955,0.184,3.952,in situ
2024,2,15,2024.122950000000,418.196,0.211,NaN,in situ
2024,3,15,2024.202190000000,418.564,0.219,NaN,in situ
2024,4,15,2024.286890000000,419.041,0.22,NaN,in situ
2024,5,15,2024.368850000000,419.5,0.212,NaN,in situ
2024,6,15,2024.453550000000,420.034,0.221,NaN,in situ
2024,7,15,2024.535520000000,420.51,0.159,NaN,in situ
2022,8,15,2022.619180000000,415.146,0.177,1.88702,in situ
2022,9,15,2022.704110000000,415.365,0.126,1.85199,in situ
2022,10,15,2022.786300000000,415.395,0.127,1.81699,in situ
2022,11,15,2022.871230000000,415.423,0.116,1.90298,in situ
2022,12,15,2022.953420000000,415.276,0.166,1.95599,in situ
2023,1,15,2023.038360000000,415.049,0.188,1.91901,in situ
2023,2,15,2023.123290000000,415.088,0.172,1.939,in situ
2023,3,15,2023.200000000000,415.242,0.171,2.02301,in situ
2023,4,15,2023.284930000000,415.391,0.146,2.186,in situ
2023,5,15,2023.367120000000,415.711,0.166,2.36301,in situ
2023,6,15,2023.452050000000,416.111,0.149,2.56,in situ
2023,7,15,2023.534250000000,416.558,0.197,2.90598,in situ
2023,8,15,2023.619180000000,417.085,0.206,3.108,in situ
2023,9,15,2023.704110000000,417.388,0.139,3.32199,in situ
2023,10,15,2023.786300000000,417.581,0.13,3.64999,in situ
2023,11,15,2023.871230000000,417.786,0.182,3.789,in situ
2023,12,15,2023.953420000000,417.836,0.178,3.923,in situ
2024,1,15,2024.038250000000,417.955,0.184,3.952,in situ
2024,2,15,2024.122950000000,418.196,0.211,NaN,in situ
2024,3,15,2024.202190000000,418.564,0.219,NaN,in situ
2024,4,15,2024.286890000000,419.041,0.22,NaN,in situ
2024,5,15,2024.368850000000,419.5,0.212,NaN,in situ
2024,6,15,2024.453550000000,420.034,0.221,NaN,in situ
2024,7,15,2024.535520000000,420.51,0.159,NaN,in situ
 ,,,,,,,
 ,,,,,,,
